135;192;eduroam;00:1a:e3:d2:e7:20;2462;-73;[WPA2-EAP-CCMP][ESS][P2P];-0.785;4.711;9.557;0.0;0.0;0.0;-9.12;-16.74;-48.12
135;192;eduroam;00:24:14:3a:ae:10;2437;-64;[WPA2-EAP-CCMP][ESS][P2P];-0.785;4.711;9.557;0.0;0.0;0.0;-9.12;-16.74;-48.12
135;192;eduroam;00:21:a0:f9:54:c0;2412;-93;[WPA2-EAP-CCMP][ESS][P2P];-0.785;4.711;9.557;0.0;0.0;0.0;-9.12;-16.74;-48.12
190;197;eduroam;00:1a:e3:d2:e7:20;2462;-81;[WPA2-EAP-CCMP][ESS][P2P];-0.747;4.127;9.596;0.0;0.0;0.0;-12.48;-20.16;-29.46
190;197;eduroam;00:24:14:3a:ae:10;2437;-63;[WPA2-EAP-CCMP][ESS][P2P];-0.747;4.127;9.596;0.0;0.0;0.0;-12.48;-20.16;-29.46
190;197;eduroam;00:21:a0:f9:54:c0;2412;-90;[WPA2-EAP-CCMP][ESS][P2P];-0.747;4.127;9.596;0.0;0.0;0.0;-12.48;-20.16;-29.46
190;197;eduroam;00:25:45:24:7e:b0;2412;-92;[WPA2-EAP-CCMP][ESS][P2P];-0.747;4.127;9.596;0.0;0.0;0.0;-12.48;-20.16;-29.46
222;211;eduroam;00:1a:e3:d2:e7:20;2462;-81;[WPA2-EAP-CCMP][ESS][P2P];-0.536;2.844;10.142;0.0;0.0;0.0;-14.58;-13.14;-43.92
222;211;eduroam;00:24:14:3a:ae:10;2437;-49;[WPA2-EAP-CCMP][ESS][P2P];-0.536;2.844;10.142;0.0;0.0;0.0;-14.58;-13.14;-43.92
222;211;eduroam;00:21:a0:f9:54:c0;2412;-90;[WPA2-EAP-CCMP][ESS][P2P];-0.536;2.844;10.142;0.0;0.0;0.0;-14.58;-13.14;-43.92
222;211;eduroam;00:25:45:24:7e:b0;2412;-80;[WPA2-EAP-CCMP][ESS][P2P];-0.536;2.844;10.142;0.0;0.0;0.0;-14.58;-13.14;-43.92
222;211;eduroam;00:1a:e3:d2:d3:a0;2412;-88;[WPA2-EAP-CCMP][ESS][P2P];-0.536;2.844;10.142;0.0;0.0;0.0;-14.58;-13.14;-43.92
267;210;eduroam;00:24:14:3a:ae:10;2437;-53;[WPA2-EAP-CCMP][ESS][P2P];-0.181;3.763;9.778;0.0;0.0;0.0;-11.34;-17.34;-38.76
267;210;eduroam;00:21:a0:f9:54:c0;2412;-79;[WPA2-EAP-CCMP][ESS][P2P];-0.181;3.763;9.778;0.0;0.0;0.0;-11.34;-17.34;-38.76
267;210;eduroam;00:25:45:24:7e:b0;2412;-80;[WPA2-EAP-CCMP][ESS][P2P];-0.181;3.763;9.778;0.0;0.0;0.0;-11.34;-17.34;-38.76
267;210;eduroam;00:1a:e3:d2:d3:a0;2412;-88;[WPA2-EAP-CCMP][ESS][P2P];-0.181;3.763;9.778;0.0;0.0;0.0;-11.34;-17.34;-38.76
315;206;eduroam;00:24:14:3a:ae:10;2437;-59;[WPA2-EAP-CCMP][ESS][P2P];-0.45;3.495;9.912;0.0;0.0;0.0;-12.06;-26.52;-38.7
315;206;eduroam;00:21:a0:f9:54:c0;2412;-80;[WPA2-EAP-CCMP][ESS][P2P];-0.45;3.495;9.912;0.0;0.0;0.0;-12.06;-26.52;-38.7
315;206;eduroam;00:25:45:24:7e:b0;2412;-79;[WPA2-EAP-CCMP][ESS][P2P];-0.45;3.495;9.912;0.0;0.0;0.0;-12.06;-26.52;-38.7
315;206;eduroam;00:24:14:3a:ae:10;2437;-59;[WPA2-EAP-CCMP][ESS][P2P];-0.555;3.543;10.056;0.0;0.0;0.0;-12.06;-26.52;-38.7
315;206;eduroam;00:21:a0:f9:54:c0;2412;-80;[WPA2-EAP-CCMP][ESS][P2P];-0.555;3.543;10.056;0.0;0.0;0.0;-12.06;-26.52;-38.7
315;206;eduroam;00:25:45:24:7e:b0;2412;-79;[WPA2-EAP-CCMP][ESS][P2P];-0.555;3.543;10.056;0.0;0.0;0.0;-12.06;-26.52;-38.7
339;210;eduroam;00:24:14:3a:ae:10;2437;-31;[WPA2-EAP-CCMP][ESS][P2P];-1.043;3.964;10.381;0.0;0.0;0.0;-8.34;-19.14;-42.06
339;210;eduroam;00:21:a0:f9:54:c0;2412;-85;[WPA2-EAP-CCMP][ESS][P2P];-1.043;3.964;10.381;0.0;0.0;0.0;-8.34;-19.14;-42.06
339;210;eduroam;00:25:45:24:7e:b0;2412;-73;[WPA2-EAP-CCMP][ESS][P2P];-1.043;3.964;10.381;0.0;0.0;0.0;-8.34;-19.14;-42.06
339;210;eduroam;00:1a:e3:d2:d3:a0;2412;-79;[WPA2-EAP-CCMP][ESS][P2P];-1.043;3.964;10.381;0.0;0.0;0.0;-8.34;-19.14;-42.06
385;207;eduroam;00:24:14:3a:ae:10;2437;-63;[WPA2-EAP-CCMP][ESS][P2P];0.019;2.882;9.663;0.0;0.0;0.0;-18.06;-10.92;-30.72
385;207;eduroam;00:21:a0:f9:54:c0;2412;-88;[WPA2-EAP-CCMP][ESS][P2P];0.019;2.882;9.663;0.0;0.0;0.0;-18.06;-10.92;-30.72
385;207;eduroam;00:25:45:24:7e:b0;2412;-75;[WPA2-EAP-CCMP][ESS][P2P];0.019;2.882;9.663;0.0;0.0;0.0;-18.06;-10.92;-30.72
385;207;eduroam;00:1a:e3:d2:d3:a0;2412;-75;[WPA2-EAP-CCMP][ESS][P2P];0.019;2.882;9.663;0.0;0.0;0.0;-18.06;-10.92;-30.72
469;210;eduroam;00:24:14:3a:ae:10;2437;-61;[WPA2-EAP-CCMP][ESS][P2P];-0.114;2.518;10.448;0.0;0.0;0.0;-32.4;-12.9;-38.22
469;210;eduroam;00:21:a0:f9:54:c0;2412;-88;[WPA2-EAP-CCMP][ESS][P2P];-0.114;2.518;10.448;0.0;0.0;0.0;-32.4;-12.9;-38.22
469;210;eduroam;00:25:45:24:7e:b0;2412;-85;[WPA2-EAP-CCMP][ESS][P2P];-0.114;2.518;10.448;0.0;0.0;0.0;-32.4;-12.9;-38.22
469;210;eduroam;00:1a:e3:d2:d3:a0;2412;-67;[WPA2-EAP-CCMP][ESS][P2P];-0.114;2.518;10.448;0.0;0.0;0.0;-32.4;-12.9;-38.22
469;210;eduroam;00:24:14:3a:bb:b0;2437;-89;[WPA2-EAP-CCMP][ESS][P2P];-0.114;2.518;10.448;0.0;0.0;0.0;-32.4;-12.9;-38.22
496;210;eduroam;00:24:14:3a:ae:10;2437;-66;[WPA2-EAP-CCMP][ESS][P2P];0.047;2.921;9.768;0.0;0.0;0.0;-24.54;-11.04;-43.2
496;210;eduroam;00:25:45:24:7e:b0;2412;-85;[WPA2-EAP-CCMP][ESS][P2P];0.047;2.921;9.768;0.0;0.0;0.0;-24.54;-11.04;-43.2
496;210;eduroam;00:1a:e3:d2:d3:a0;2412;-68;[WPA2-EAP-CCMP][ESS][P2P];0.047;2.921;9.768;0.0;0.0;0.0;-24.54;-11.04;-43.2
496;210;eduroam;00:24:14:3a:bb:b0;2437;-90;[WPA2-EAP-CCMP][ESS][P2P];0.047;2.921;9.768;0.0;0.0;0.0;-24.54;-11.04;-43.2
496;210;eduroam;00:1a:e3:d2:d3:50;2462;-94;[WPA2-EAP-CCMP][ESS][P2P];0.047;2.921;9.768;0.0;0.0;0.0;-24.54;-11.04;-43.2
550;213;eduroam;00:24:14:3a:ae:10;2437;-61;[WPA2-EAP-CCMP][ESS][P2P];0.172;2.097;9.538;0.0;0.0;0.0;-25.68;-17.64;-30.24
550;213;eduroam;00:25:45:24:7e:b0;2412;-90;[WPA2-EAP-CCMP][ESS][P2P];0.172;2.097;9.538;0.0;0.0;0.0;-25.68;-17.64;-30.24
550;213;eduroam;00:1a:e3:d2:d3:a0;2412;-56;[WPA2-EAP-CCMP][ESS][P2P];0.172;2.097;9.538;0.0;0.0;0.0;-25.68;-17.64;-30.24
550;213;eduroam;00:24:14:3a:bb:b0;2437;-90;[WPA2-EAP-CCMP][ESS][P2P];0.172;2.097;9.538;0.0;0.0;0.0;-25.68;-17.64;-30.24
550;213;eduroam;00:1a:e3:d2:d3:50;2462;-84;[WPA2-EAP-CCMP][ESS][P2P];0.172;2.097;9.538;0.0;0.0;0.0;-25.68;-17.64;-30.24
550;213;eduroam;00:1a:e3:d2:d3:60;2462;-90;[WPA2-EAP-CCMP][ESS][P2P];0.172;2.097;9.538;0.0;0.0;0.0;-25.68;-17.64;-30.24
544;267;eduroam;00:24:14:3a:ae:10;2437;-75;[WPA2-EAP-CCMP][ESS][P2P];-0.421;2.221;10.668;0.0;0.0;0.0;4.38;-30.9;-27.66
544;267;eduroam;00:1a:e3:d2:d3:a0;2412;-52;[WPA2-EAP-CCMP][ESS][P2P];-0.421;2.221;10.668;0.0;0.0;0.0;4.38;-30.9;-27.66
544;267;eduroam;00:1a:e3:d2:d3:50;2462;-84;[WPA2-EAP-CCMP][ESS][P2P];-0.421;2.221;10.668;0.0;0.0;0.0;4.38;-30.9;-27.66
544;267;eduroam;00:1a:e3:d2:d3:60;2462;-92;[WPA2-EAP-CCMP][ESS][P2P];-0.421;2.221;10.668;0.0;0.0;0.0;4.38;-30.9;-27.66
551;309;eduroam;00:24:14:3a:ae:10;2437;-84;[WPA2-EAP-CCMP][ESS][P2P];-0.057;3.064;9.605;0.0;0.0;0.0;-5.7;-28.74;-31.98
551;309;eduroam;00:1a:e3:d2:d3:a0;2412;-47;[WPA2-EAP-CCMP][ESS][P2P];-0.057;3.064;9.605;0.0;0.0;0.0;-5.7;-28.74;-31.98
551;309;eduroam;00:1a:e3:d2:d3:50;2462;-78;[WPA2-EAP-CCMP][ESS][P2P];-0.057;3.064;9.605;0.0;0.0;0.0;-5.7;-28.74;-31.98
551;309;eduroam;00:1a:e3:d2:d3:60;2462;-81;[WPA2-EAP-CCMP][ESS][P2P];-0.057;3.064;9.605;0.0;0.0;0.0;-5.7;-28.74;-31.98
551;309;eduroam;00:1a:e3:d2:d9:60;2412;-91;[WPA2-EAP-CCMP][ESS][P2P];-0.057;3.064;9.605;0.0;0.0;0.0;-5.7;-28.74;-31.98
551;309;;00:1d:7e:bc:b1:1f;2462;-93;[WPA-PSK-TKIP][ESS];-0.057;3.064;9.605;0.0;0.0;0.0;-5.7;-28.74;-31.98
551;309;eduroam;00:24:14:3a:ae:10;2437;-84;[WPA2-EAP-CCMP][ESS][P2P];-0.057;3.064;9.605;0.0;0.0;0.0;-5.7;-28.74;-31.98
551;309;eduroam;00:1a:e3:d2:d3:a0;2412;-47;[WPA2-EAP-CCMP][ESS][P2P];-0.057;3.064;9.605;0.0;0.0;0.0;-5.7;-28.74;-31.98
551;309;eduroam;00:1a:e3:d2:d3:50;2462;-78;[WPA2-EAP-CCMP][ESS][P2P];-0.057;3.064;9.605;0.0;0.0;0.0;-5.7;-28.74;-31.98
551;309;eduroam;00:1a:e3:d2:d3:60;2462;-81;[WPA2-EAP-CCMP][ESS][P2P];-0.057;3.064;9.605;0.0;0.0;0.0;-5.7;-28.74;-31.98
551;309;eduroam;00:1a:e3:d2:d9:60;2412;-91;[WPA2-EAP-CCMP][ESS][P2P];-0.057;3.064;9.605;0.0;0.0;0.0;-5.7;-28.74;-31.98
551;309;;00:1d:7e:bc:b1:1f;2462;-93;[WPA-PSK-TKIP][ESS];-0.057;3.064;9.605;0.0;0.0;0.0;-5.7;-28.74;-31.98
556;353;eduroam;00:24:14:3a:ae:10;2437;-84;[WPA2-EAP-CCMP][ESS][P2P];-0.21;2.758;9.96;0.0;0.0;0.0;-1.5;-30.54;-35.7
556;353;eduroam;00:1a:e3:d2:d3:a0;2412;-47;[WPA2-EAP-CCMP][ESS][P2P];-0.21;2.758;9.96;0.0;0.0;0.0;-1.5;-30.54;-35.7
556;353;eduroam;00:1a:e3:d2:d3:50;2462;-74;[WPA2-EAP-CCMP][ESS][P2P];-0.21;2.758;9.96;0.0;0.0;0.0;-1.5;-30.54;-35.7
556;353;eduroam;00:1a:e3:d2:d3:60;2462;-84;[WPA2-EAP-CCMP][ESS][P2P];-0.21;2.758;9.96;0.0;0.0;0.0;-1.5;-30.54;-35.7
556;353;eduroam;00:1a:e3:d2:d9:60;2412;-91;[WPA2-EAP-CCMP][ESS][P2P];-0.21;2.758;9.96;0.0;0.0;0.0;-1.5;-30.54;-35.7
556;353;;00:1d:7e:bc:b1:1f;2462;-94;[WPA-PSK-TKIP][ESS];-0.21;2.758;9.96;0.0;0.0;0.0;-1.5;-30.54;-35.7
556;402;eduroam;00:24:14:3a:ae:10;2437;-89;[WPA2-EAP-CCMP][ESS][P2P];-0.747;2.547;10.199;0.0;0.0;0.0;0.96;-37.44;-34.38
556;402;eduroam;00:1a:e3:d2:d3:a0;2412;-37;[WPA2-EAP-CCMP][ESS][P2P];-0.747;2.547;10.199;0.0;0.0;0.0;0.96;-37.44;-34.38
556;402;eduroam;00:1a:e3:d2:d3:50;2462;-74;[WPA2-EAP-CCMP][ESS][P2P];-0.747;2.547;10.199;0.0;0.0;0.0;0.96;-37.44;-34.38
556;402;eduroam;00:1a:e3:d2:d3:60;2462;-77;[WPA2-EAP-CCMP][ESS][P2P];-0.747;2.547;10.199;0.0;0.0;0.0;0.96;-37.44;-34.38
556;402;;00:1d:7e:bc:b1:1f;2462;-94;[WPA-PSK-TKIP][ESS];-0.747;2.547;10.199;0.0;0.0;0.0;0.96;-37.44;-34.38
556;402;D74REERRA1;00:15:6d:70:42:85;2442;-86;[WEP][ESS];-0.747;2.547;10.199;0.0;0.0;0.0;0.96;-37.44;-34.38
558;426;eduroam;00:24:14:3a:ae:10;2437;-89;[WPA2-EAP-CCMP][ESS][P2P];-0.603;2.681;10.295;0.0;0.0;0.0;4.98;-30.18;-39.42
558;426;eduroam;00:1a:e3:d2:d3:a0;2412;-36;[WPA2-EAP-CCMP][ESS][P2P];-0.603;2.681;10.295;0.0;0.0;0.0;4.98;-30.18;-39.42
558;426;eduroam;00:1a:e3:d2:d3:50;2462;-81;[WPA2-EAP-CCMP][ESS][P2P];-0.603;2.681;10.295;0.0;0.0;0.0;4.98;-30.18;-39.42
558;426;eduroam;00:1a:e3:d2:d3:60;2462;-79;[WPA2-EAP-CCMP][ESS][P2P];-0.603;2.681;10.295;0.0;0.0;0.0;4.98;-30.18;-39.42
558;426;;00:1d:7e:bc:b1:1f;2462;-91;[WPA-PSK-TKIP][ESS];-0.603;2.681;10.295;0.0;0.0;0.0;4.98;-30.18;-39.42
558;426;D74REERRA1;00:15:6d:70:42:85;2442;-86;[WEP][ESS];-0.603;2.681;10.295;0.0;0.0;0.0;4.98;-30.18;-39.42
558;426;eduroam;00:1a:e3:d2:d3:70;2462;-91;[WPA2-EAP-CCMP][ESS][P2P];-0.603;2.681;10.295;0.0;0.0;0.0;4.98;-30.18;-39.42
549;480;eduroam;00:24:14:3a:ae:10;2437;-92;[WPA2-EAP-CCMP][ESS][P2P];-0.383;3.112;9.787;0.0;0.0;0.0;4.62;-35.58;-40.26
549;480;eduroam;00:1a:e3:d2:d3:a0;2412;-57;[WPA2-EAP-CCMP][ESS][P2P];-0.383;3.112;9.787;0.0;0.0;0.0;4.62;-35.58;-40.26
549;480;eduroam;00:1a:e3:d2:d3:50;2462;-85;[WPA2-EAP-CCMP][ESS][P2P];-0.383;3.112;9.787;0.0;0.0;0.0;4.62;-35.58;-40.26
549;480;eduroam;00:1a:e3:d2:d3:60;2462;-81;[WPA2-EAP-CCMP][ESS][P2P];-0.383;3.112;9.787;0.0;0.0;0.0;4.62;-35.58;-40.26
549;480;;00:1d:7e:bc:b1:1f;2462;-89;[WPA-PSK-TKIP][ESS];-0.383;3.112;9.787;0.0;0.0;0.0;4.62;-35.58;-40.26
549;480;eduroam;00:1a:e3:d2:d3:70;2462;-91;[WPA2-EAP-CCMP][ESS][P2P];-0.383;3.112;9.787;0.0;0.0;0.0;4.62;-35.58;-40.26
549;480;eduroam;00:1a:e3:d2:d9:60;2412;-85;[WPA2-EAP-CCMP][ESS][P2P];-0.383;3.112;9.787;0.0;0.0;0.0;4.62;-35.58;-40.26
553;491;eduroam;00:24:14:3a:ae:10;2437;-92;[WPA2-EAP-CCMP][ESS][P2P];-0.134;3.591;9.347;0.0;0.0;0.0;3.06;-34.56;-33.6
553;491;eduroam;00:1a:e3:d2:d3:a0;2412;-52;[WPA2-EAP-CCMP][ESS][P2P];-0.134;3.591;9.347;0.0;0.0;0.0;3.06;-34.56;-33.6
553;491;eduroam;00:1a:e3:d2:d3:50;2462;-82;[WPA2-EAP-CCMP][ESS][P2P];-0.134;3.591;9.347;0.0;0.0;0.0;3.06;-34.56;-33.6
553;491;eduroam;00:1a:e3:d2:d3:60;2462;-84;[WPA2-EAP-CCMP][ESS][P2P];-0.134;3.591;9.347;0.0;0.0;0.0;3.06;-34.56;-33.6
553;491;;00:1d:7e:bc:b1:1f;2462;-89;[WPA-PSK-TKIP][ESS];-0.134;3.591;9.347;0.0;0.0;0.0;3.06;-34.56;-33.6
553;491;eduroam;00:1a:e3:d2:d9:60;2412;-76;[WPA2-EAP-CCMP][ESS][P2P];-0.134;3.591;9.347;0.0;0.0;0.0;3.06;-34.56;-33.6
553;491;eduroam;00:1a:e3:d2:d2:d0;2437;-89;[WPA2-EAP-CCMP][ESS][P2P];-0.134;3.591;9.347;0.0;0.0;0.0;3.06;-34.56;-33.6
566;515;eduroam;00:1a:e3:d2:d3:a0;2412;-61;[WPA2-EAP-CCMP][ESS][P2P];-0.191;2.949;9.711;0.0;0.0;0.0;4.5;-29.04;-34.8
566;515;eduroam;00:1a:e3:d2:d3:50;2462;-82;[WPA2-EAP-CCMP][ESS][P2P];-0.191;2.949;9.711;0.0;0.0;0.0;4.5;-29.04;-34.8
566;515;eduroam;00:1a:e3:d2:d3:60;2462;-79;[WPA2-EAP-CCMP][ESS][P2P];-0.191;2.949;9.711;0.0;0.0;0.0;4.5;-29.04;-34.8
566;515;;00:1d:7e:bc:b1:1f;2462;-79;[WPA-PSK-TKIP][ESS];-0.191;2.949;9.711;0.0;0.0;0.0;4.5;-29.04;-34.8
566;515;eduroam;00:1a:e3:d2:d9:60;2412;-73;[WPA2-EAP-CCMP][ESS][P2P];-0.191;2.949;9.711;0.0;0.0;0.0;4.5;-29.04;-34.8
566;515;eduroam;00:1a:e3:d2:d2:d0;2437;-89;[WPA2-EAP-CCMP][ESS][P2P];-0.191;2.949;9.711;0.0;0.0;0.0;4.5;-29.04;-34.8
566;515;eduroam;00:1a:e3:d2:d3:70;2462;-81;[WPA2-EAP-CCMP][ESS][P2P];-0.191;2.949;9.711;0.0;0.0;0.0;4.5;-29.04;-34.8
563;571;eduroam;00:1a:e3:d2:d3:a0;2412;-62;[WPA2-EAP-CCMP][ESS][P2P];-0.526;3.39;9.538;0.0;0.0;0.0;1.56;-35.16;-36.36
563;571;eduroam;00:1a:e3:d2:d3:50;2462;-93;[WPA2-EAP-CCMP][ESS][P2P];-0.526;3.39;9.538;0.0;0.0;0.0;1.56;-35.16;-36.36
563;571;eduroam;00:1a:e3:d2:d3:60;2462;-79;[WPA2-EAP-CCMP][ESS][P2P];-0.526;3.39;9.538;0.0;0.0;0.0;1.56;-35.16;-36.36
563;571;;00:1d:7e:bc:b1:1f;2462;-86;[WPA-PSK-TKIP][ESS];-0.526;3.39;9.538;0.0;0.0;0.0;1.56;-35.16;-36.36
563;571;eduroam;00:1a:e3:d2:d9:60;2412;-73;[WPA2-EAP-CCMP][ESS][P2P];-0.526;3.39;9.538;0.0;0.0;0.0;1.56;-35.16;-36.36
563;571;eduroam;00:1a:e3:d2:d2:d0;2437;-89;[WPA2-EAP-CCMP][ESS][P2P];-0.526;3.39;9.538;0.0;0.0;0.0;1.56;-35.16;-36.36
563;571;eduroam;00:1a:e3:d2:d3:70;2462;-82;[WPA2-EAP-CCMP][ESS][P2P];-0.526;3.39;9.538;0.0;0.0;0.0;1.56;-35.16;-36.36
552;639;eduroam;00:1a:e3:d2:d3:a0;2412;-60;[WPA2-EAP-CCMP][ESS][P2P];-0.727;2.806;10.467;0.0;0.0;0.0;-1.62;-34.56;-32.22
552;639;eduroam;00:1a:e3:d2:d3:50;2462;-93;[WPA2-EAP-CCMP][ESS][P2P];-0.727;2.806;10.467;0.0;0.0;0.0;-1.62;-34.56;-32.22
552;639;eduroam;00:1a:e3:d2:d3:60;2462;-87;[WPA2-EAP-CCMP][ESS][P2P];-0.727;2.806;10.467;0.0;0.0;0.0;-1.62;-34.56;-32.22
552;639;;00:1d:7e:bc:b1:1f;2462;-87;[WPA-PSK-TKIP][ESS];-0.727;2.806;10.467;0.0;0.0;0.0;-1.62;-34.56;-32.22
552;639;eduroam;00:1a:e3:d2:d9:60;2412;-79;[WPA2-EAP-CCMP][ESS][P2P];-0.727;2.806;10.467;0.0;0.0;0.0;-1.62;-34.56;-32.22
552;639;eduroam;00:1a:e3:d2:d3:70;2462;-82;[WPA2-EAP-CCMP][ESS][P2P];-0.727;2.806;10.467;0.0;0.0;0.0;-1.62;-34.56;-32.22
548;696;eduroam;00:1a:e3:d2:d3:a0;2412;-63;[WPA2-EAP-CCMP][ESS][P2P];-0.976;3.189;10.056;0.0;0.0;0.0;3.18;-31.56;-23.4
548;696;eduroam;00:1a:e3:d2:d3:60;2462;-87;[WPA2-EAP-CCMP][ESS][P2P];-0.976;3.189;10.056;0.0;0.0;0.0;3.18;-31.56;-23.4
548;696;;00:1d:7e:bc:b1:1f;2462;-82;[WPA-PSK-TKIP][ESS];-0.976;3.189;10.056;0.0;0.0;0.0;3.18;-31.56;-23.4
548;696;eduroam;00:1a:e3:d2:d9:60;2412;-72;[WPA2-EAP-CCMP][ESS][P2P];-0.976;3.189;10.056;0.0;0.0;0.0;3.18;-31.56;-23.4
552;750;eduroam;00:1a:e3:d2:d3:a0;2412;-73;[WPA2-EAP-CCMP][ESS][P2P];-0.421;2.547;10.036;0.0;0.0;0.0;7.92;-22.32;-31.5
552;750;eduroam;00:1a:e3:d2:d3:60;2462;-91;[WPA2-EAP-CCMP][ESS][P2P];-0.421;2.547;10.036;0.0;0.0;0.0;7.92;-22.32;-31.5
552;750;;00:1d:7e:bc:b1:1f;2462;-82;[WPA-PSK-TKIP][ESS];-0.421;2.547;10.036;0.0;0.0;0.0;7.92;-22.32;-31.5
552;750;eduroam;00:1a:e3:d2:d9:60;2412;-67;[WPA2-EAP-CCMP][ESS][P2P];-0.421;2.547;10.036;0.0;0.0;0.0;7.92;-22.32;-31.5
545;781;eduroam;00:1a:e3:d2:d3:a0;2412;-71;[WPA2-EAP-CCMP][ESS][P2P];-0.67;2.298;10.458;0.0;0.0;0.0;8.1;-32.4;-40.74
545;781;eduroam;00:1a:e3:d2:d3:60;2462;-89;[WPA2-EAP-CCMP][ESS][P2P];-0.67;2.298;10.458;0.0;0.0;0.0;8.1;-32.4;-40.74
545;781;eduroam;00:1a:e3:d2:d9:60;2412;-74;[WPA2-EAP-CCMP][ESS][P2P];-0.67;2.298;10.458;0.0;0.0;0.0;8.1;-32.4;-40.74
508;630;eduroam;00:1a:e3:d2:d3:a0;2412;-63;[WPA2-EAP-CCMP][ESS][P2P];-0.076;2.231;10.477;0.0;0.0;0.0;27.54;-16.92;-36.3
508;630;eduroam;00:1a:e3:d2:d3:60;2462;-79;[WPA2-EAP-CCMP][ESS][P2P];-0.076;2.231;10.477;0.0;0.0;0.0;27.54;-16.92;-36.3
508;630;eduroam;00:1a:e3:d2:d9:60;2412;-71;[WPA2-EAP-CCMP][ESS][P2P];-0.076;2.231;10.477;0.0;0.0;0.0;27.54;-16.92;-36.3
508;630;;00:1d:7e:bc:b1:1f;2462;-70;[WPA-PSK-TKIP][ESS];-0.076;2.231;10.477;0.0;0.0;0.0;27.54;-16.92;-36.3
508;630;eduroam;00:1a:e3:d2:d3:70;2462;-75;[WPA2-EAP-CCMP][ESS][P2P];-0.076;2.231;10.477;0.0;0.0;0.0;27.54;-16.92;-36.3
508;630;eduroam;00:1a:e3:d2:d3:50;2462;-86;[WPA2-EAP-CCMP][ESS][P2P];-0.076;2.231;10.477;0.0;0.0;0.0;27.54;-16.92;-36.3
508;630;eduroam;00:1a:e3:d2:d2:d0;2437;-91;[WPA2-EAP-CCMP][ESS][P2P];-0.076;2.231;10.477;0.0;0.0;0.0;27.54;-16.92;-36.3
488;620;eduroam;00:1a:e3:d2:d3:a0;2412;-69;[WPA2-EAP-CCMP][ESS][P2P];-0.335;3.007;9.653;0.0;0.0;0.0;24.78;-11.64;-35.22
488;620;eduroam;00:1a:e3:d2:d3:60;2462;-78;[WPA2-EAP-CCMP][ESS][P2P];-0.335;3.007;9.653;0.0;0.0;0.0;24.78;-11.64;-35.22
488;620;eduroam;00:1a:e3:d2:d9:60;2412;-64;[WPA2-EAP-CCMP][ESS][P2P];-0.335;3.007;9.653;0.0;0.0;0.0;24.78;-11.64;-35.22
488;620;;00:1d:7e:bc:b1:1f;2462;-67;[WPA-PSK-TKIP][ESS];-0.335;3.007;9.653;0.0;0.0;0.0;24.78;-11.64;-35.22
488;620;eduroam;00:1a:e3:d2:d3:70;2462;-71;[WPA2-EAP-CCMP][ESS][P2P];-0.335;3.007;9.653;0.0;0.0;0.0;24.78;-11.64;-35.22
488;620;eduroam;00:1a:e3:d2:d3:50;2462;-86;[WPA2-EAP-CCMP][ESS][P2P];-0.335;3.007;9.653;0.0;0.0;0.0;24.78;-11.64;-35.22
488;620;eduroam;00:1a:e3:d2:d2:d0;2437;-79;[WPA2-EAP-CCMP][ESS][P2P];-0.335;3.007;9.653;0.0;0.0;0.0;24.78;-11.64;-35.22
488;620;eduroam;00:1a:e3:d2:a6:30;2412;-76;[WPA2-EAP-CCMP][ESS][P2P];-0.335;3.007;9.653;0.0;0.0;0.0;24.78;-11.64;-35.22
446;650;eduroam;00:1a:e3:d2:d3:a0;2412;-73;[WPA2-EAP-CCMP][ESS][P2P];-1.637;2.384;10.295;0.0;0.0;0.0;7.32;-32.7;-39.84
446;650;eduroam;00:1a:e3:d2:d3:60;2462;-83;[WPA2-EAP-CCMP][ESS][P2P];-1.637;2.384;10.295;0.0;0.0;0.0;7.32;-32.7;-39.84
446;650;eduroam;00:1a:e3:d2:d9:60;2412;-64;[WPA2-EAP-CCMP][ESS][P2P];-1.637;2.384;10.295;0.0;0.0;0.0;7.32;-32.7;-39.84
446;650;;00:1d:7e:bc:b1:1f;2462;-63;[WPA-PSK-TKIP][ESS];-1.637;2.384;10.295;0.0;0.0;0.0;7.32;-32.7;-39.84
446;650;eduroam;00:1a:e3:d2:d3:70;2462;-88;[WPA2-EAP-CCMP][ESS][P2P];-1.637;2.384;10.295;0.0;0.0;0.0;7.32;-32.7;-39.84
446;650;eduroam;00:1a:e3:d2:d3:50;2462;-86;[WPA2-EAP-CCMP][ESS][P2P];-1.637;2.384;10.295;0.0;0.0;0.0;7.32;-32.7;-39.84
446;650;eduroam;00:1a:e3:d2:d2:d0;2437;-75;[WPA2-EAP-CCMP][ESS][P2P];-1.637;2.384;10.295;0.0;0.0;0.0;7.32;-32.7;-39.84
446;650;eduroam;00:1a:e3:d2:a6:30;2412;-76;[WPA2-EAP-CCMP][ESS][P2P];-1.637;2.384;10.295;0.0;0.0;0.0;7.32;-32.7;-39.84
444;685;eduroam;00:1a:e3:d2:d3:a0;2412;-90;[WPA2-EAP-CCMP][ESS][P2P];-2.126;2.365;10.237;0.0;0.0;0.0;11.58;-6.36;-39.6
444;685;eduroam;00:1a:e3:d2:d3:60;2462;-83;[WPA2-EAP-CCMP][ESS][P2P];-2.126;2.365;10.237;0.0;0.0;0.0;11.58;-6.36;-39.6
444;685;eduroam;00:1a:e3:d2:d9:60;2412;-47;[WPA2-EAP-CCMP][ESS][P2P];-2.126;2.365;10.237;0.0;0.0;0.0;11.58;-6.36;-39.6
444;685;;00:1d:7e:bc:b1:1f;2462;-71;[WPA-PSK-TKIP][ESS];-2.126;2.365;10.237;0.0;0.0;0.0;11.58;-6.36;-39.6
444;685;eduroam;00:1a:e3:d2:d3:70;2462;-88;[WPA2-EAP-CCMP][ESS][P2P];-2.126;2.365;10.237;0.0;0.0;0.0;11.58;-6.36;-39.6
444;685;eduroam;00:1a:e3:d2:d3:50;2462;-93;[WPA2-EAP-CCMP][ESS][P2P];-2.126;2.365;10.237;0.0;0.0;0.0;11.58;-6.36;-39.6
444;685;eduroam;00:1a:e3:d2:d2:d0;2437;-79;[WPA2-EAP-CCMP][ESS][P2P];-2.126;2.365;10.237;0.0;0.0;0.0;11.58;-6.36;-39.6
444;685;eduroam;00:1a:e3:d2:a6:30;2412;-90;[WPA2-EAP-CCMP][ESS][P2P];-2.126;2.365;10.237;0.0;0.0;0.0;11.58;-6.36;-39.6
444;685;VodafoneSharingDock_074719;7c:4f:b5:07:47:cb;2432;-87;[WPA2-PSK-CCMP-preauth][ESS];-2.126;2.365;10.237;0.0;0.0;0.0;11.58;-6.36;-39.6
444;685;eduroam;00:1a:e3:d2:e7:20;2462;-89;[WPA2-EAP-CCMP][ESS][P2P];-2.126;2.365;10.237;0.0;0.0;0.0;11.58;-6.36;-39.6
397;741;eduroam;00:1a:e3:d2:d3:a0;2412;-90;[WPA2-EAP-CCMP][ESS][P2P];-0.191;2.365;9.749;0.0;0.0;0.0;11.7;-15.06;-52.74
397;741;eduroam;00:1a:e3:d2:d9:60;2412;-44;[WPA2-EAP-CCMP][ESS][P2P];-0.191;2.365;9.749;0.0;0.0;0.0;11.7;-15.06;-52.74
397;741;;00:1d:7e:bc:b1:1f;2462;-61;[WPA-PSK-TKIP][ESS];-0.191;2.365;9.749;0.0;0.0;0.0;11.7;-15.06;-52.74
397;741;eduroam;00:1a:e3:d2:d3:70;2462;-88;[WPA2-EAP-CCMP][ESS][P2P];-0.191;2.365;9.749;0.0;0.0;0.0;11.7;-15.06;-52.74
397;741;eduroam;00:1a:e3:d2:d3:50;2462;-93;[WPA2-EAP-CCMP][ESS][P2P];-0.191;2.365;9.749;0.0;0.0;0.0;11.7;-15.06;-52.74
397;741;eduroam;00:1a:e3:d2:d2:d0;2437;-77;[WPA2-EAP-CCMP][ESS][P2P];-0.191;2.365;9.749;0.0;0.0;0.0;11.7;-15.06;-52.74
397;741;eduroam;00:1a:e3:d2:a6:30;2412;-90;[WPA2-EAP-CCMP][ESS][P2P];-0.191;2.365;9.749;0.0;0.0;0.0;11.7;-15.06;-52.74
397;741;VodafoneSharingDock_074719;7c:4f:b5:07:47:cb;2432;-84;[WPA2-PSK-CCMP-preauth][ESS];-0.191;2.365;9.749;0.0;0.0;0.0;11.7;-15.06;-52.74
397;741;eduroam;00:1a:e3:d2:e7:20;2462;-89;[WPA2-EAP-CCMP][ESS][P2P];-0.191;2.365;9.749;0.0;0.0;0.0;11.7;-15.06;-52.74
353;741;eduroam;00:1a:e3:d2:d9:60;2412;-35;[WPA2-EAP-CCMP][ESS][P2P];-1.015;2.921;9.672;0.0;0.0;0.0;18.18;-10.86;-35.58
353;741;;00:1d:7e:bc:b1:1f;2462;-65;[WPA-PSK-TKIP][ESS];-1.015;2.921;9.672;0.0;0.0;0.0;18.18;-10.86;-35.58
353;741;eduroam;00:1a:e3:d2:d3:70;2462;-91;[WPA2-EAP-CCMP][ESS][P2P];-1.015;2.921;9.672;0.0;0.0;0.0;18.18;-10.86;-35.58
353;741;eduroam;00:1a:e3:d2:d2:d0;2437;-75;[WPA2-EAP-CCMP][ESS][P2P];-1.015;2.921;9.672;0.0;0.0;0.0;18.18;-10.86;-35.58
353;741;VodafoneSharingDock_074719;7c:4f:b5:07:47:cb;2432;-82;[WPA2-PSK-CCMP-preauth][ESS];-1.015;2.921;9.672;0.0;0.0;0.0;18.18;-10.86;-35.58
353;741;eduroam;00:1a:e3:d2:e7:20;2462;-91;[WPA2-EAP-CCMP][ESS][P2P];-1.015;2.921;9.672;0.0;0.0;0.0;18.18;-10.86;-35.58
315;739;eduroam;00:1a:e3:d2:d9:60;2412;-59;[WPA2-EAP-CCMP][ESS][P2P];-0.66;2.652;10.41;0.0;0.0;0.0;15.06;-11.16;-39.54
315;739;;00:1d:7e:bc:b1:1f;2462;-63;[WPA-PSK-TKIP][ESS];-0.66;2.652;10.41;0.0;0.0;0.0;15.06;-11.16;-39.54
315;739;eduroam;00:1a:e3:d2:d3:70;2462;-91;[WPA2-EAP-CCMP][ESS][P2P];-0.66;2.652;10.41;0.0;0.0;0.0;15.06;-11.16;-39.54
315;739;eduroam;00:1a:e3:d2:d2:d0;2437;-82;[WPA2-EAP-CCMP][ESS][P2P];-0.66;2.652;10.41;0.0;0.0;0.0;15.06;-11.16;-39.54
315;739;VodafoneSharingDock_074719;7c:4f:b5:07:47:cb;2432;-86;[WPA2-PSK-CCMP-preauth][ESS];-0.66;2.652;10.41;0.0;0.0;0.0;15.06;-11.16;-39.54
315;739;eduroam;00:1a:e3:d2:e7:20;2462;-92;[WPA2-EAP-CCMP][ESS][P2P];-0.66;2.652;10.41;0.0;0.0;0.0;15.06;-11.16;-39.54
315;739;eduroam;00:1a:e3:d2:a6:30;2412;-91;[WPA2-EAP-CCMP][ESS][P2P];-0.66;2.652;10.41;0.0;0.0;0.0;15.06;-11.16;-39.54
266;738;eduroam;00:1a:e3:d2:d9:60;2412;-60;[WPA2-EAP-CCMP][ESS][P2P];-1.082;2.978;10.065;0.0;0.0;0.0;20.4;-20.4;-44.22
266;738;;00:1d:7e:bc:b1:1f;2462;-73;[WPA-PSK-TKIP][ESS];-1.082;2.978;10.065;0.0;0.0;0.0;20.4;-20.4;-44.22
266;738;eduroam;00:1a:e3:d2:d2:d0;2437;-87;[WPA2-EAP-CCMP][ESS][P2P];-1.082;2.978;10.065;0.0;0.0;0.0;20.4;-20.4;-44.22
266;738;VodafoneSharingDock_074719;7c:4f:b5:07:47:cb;2432;-74;[WPA2-PSK-CCMP-preauth][ESS];-1.082;2.978;10.065;0.0;0.0;0.0;20.4;-20.4;-44.22
266;738;eduroam;00:1a:e3:d2:e7:20;2462;-83;[WPA2-EAP-CCMP][ESS][P2P];-1.082;2.978;10.065;0.0;0.0;0.0;20.4;-20.4;-44.22
266;738;eduroam;00:1a:e3:d2:a6:30;2412;-91;[WPA2-EAP-CCMP][ESS][P2P];-1.082;2.978;10.065;0.0;0.0;0.0;20.4;-20.4;-44.22
266;738;eduroam;00:1a:e3:d2:d3:00;2412;-91;[WPA2-EAP-CCMP][ESS][P2P];-1.082;2.978;10.065;0.0;0.0;0.0;20.4;-20.4;-44.22
242;652;eduroam;00:1a:e3:d2:d9:60;2412;-58;[WPA2-EAP-CCMP][ESS][P2P];-0.622;2.873;10.036;0.0;0.0;0.0;13.32;-17.34;-39.42
242;652;;00:1d:7e:bc:b1:1f;2462;-71;[WPA-PSK-TKIP][ESS];-0.622;2.873;10.036;0.0;0.0;0.0;13.32;-17.34;-39.42
242;652;eduroam;00:1a:e3:d2:d2:d0;2437;-77;[WPA2-EAP-CCMP][ESS][P2P];-0.622;2.873;10.036;0.0;0.0;0.0;13.32;-17.34;-39.42
242;652;VodafoneSharingDock_074719;7c:4f:b5:07:47:cb;2432;-86;[WPA2-PSK-CCMP-preauth][ESS];-0.622;2.873;10.036;0.0;0.0;0.0;13.32;-17.34;-39.42
242;652;eduroam;00:1a:e3:d2:e7:20;2462;-70;[WPA2-EAP-CCMP][ESS][P2P];-0.622;2.873;10.036;0.0;0.0;0.0;13.32;-17.34;-39.42
242;652;eduroam;00:1a:e3:d2:d3:00;2412;-91;[WPA2-EAP-CCMP][ESS][P2P];-0.622;2.873;10.036;0.0;0.0;0.0;13.32;-17.34;-39.42
242;652;eduroam;00:1a:e3:d2:d3:80;2412;-80;[WPA2-EAP-CCMP][ESS][P2P];-0.622;2.873;10.036;0.0;0.0;0.0;13.32;-17.34;-39.42
242;652;eduroam;00:1a:e3:d2:d3:70;2462;-90;[WPA2-EAP-CCMP][ESS][P2P];-0.622;2.873;10.036;0.0;0.0;0.0;13.32;-17.34;-39.42
190;621;eduroam;00:1a:e3:d2:d9:60;2412;-72;[WPA2-EAP-CCMP][ESS][P2P];-0.21;2.116;9.232;0.0;0.0;0.0;14.16;-13.32;-31.2
190;621;;00:1d:7e:bc:b1:1f;2462;-71;[WPA-PSK-TKIP][ESS];-0.21;2.116;9.232;0.0;0.0;0.0;14.16;-13.32;-31.2
190;621;eduroam;00:1a:e3:d2:d2:d0;2437;-86;[WPA2-EAP-CCMP][ESS][P2P];-0.21;2.116;9.232;0.0;0.0;0.0;14.16;-13.32;-31.2
190;621;VodafoneSharingDock_074719;7c:4f:b5:07:47:cb;2432;-77;[WPA2-PSK-CCMP-preauth][ESS];-0.21;2.116;9.232;0.0;0.0;0.0;14.16;-13.32;-31.2
190;621;eduroam;00:1a:e3:d2:e7:20;2462;-72;[WPA2-EAP-CCMP][ESS][P2P];-0.21;2.116;9.232;0.0;0.0;0.0;14.16;-13.32;-31.2
190;621;eduroam;00:1a:e3:d2:d3:80;2412;-80;[WPA2-EAP-CCMP][ESS][P2P];-0.21;2.116;9.232;0.0;0.0;0.0;14.16;-13.32;-31.2
190;621;eduroam;00:1a:e3:d2:d3:70;2462;-79;[WPA2-EAP-CCMP][ESS][P2P];-0.21;2.116;9.232;0.0;0.0;0.0;14.16;-13.32;-31.2
190;621;eduroam;00:1a:e3:d2:d9:60;2412;-76;[WPA2-EAP-CCMP][ESS][P2P];-0.21;2.442;9.835;0.0;0.0;0.0;14.1;-8.7;-31.56
190;621;;00:1d:7e:bc:b1:1f;2462;-71;[WPA-PSK-TKIP][ESS];-0.21;2.442;9.835;0.0;0.0;0.0;14.1;-8.7;-31.56
190;621;eduroam;00:1a:e3:d2:d2:d0;2437;-89;[WPA2-EAP-CCMP][ESS][P2P];-0.21;2.442;9.835;0.0;0.0;0.0;14.1;-8.7;-31.56
190;621;VodafoneSharingDock_074719;7c:4f:b5:07:47:cb;2432;-79;[WPA2-PSK-CCMP-preauth][ESS];-0.21;2.442;9.835;0.0;0.0;0.0;14.1;-8.7;-31.56
190;621;eduroam;00:1a:e3:d2:e7:20;2462;-82;[WPA2-EAP-CCMP][ESS][P2P];-0.21;2.442;9.835;0.0;0.0;0.0;14.1;-8.7;-31.56
190;621;eduroam;00:1a:e3:d2:d3:80;2412;-81;[WPA2-EAP-CCMP][ESS][P2P];-0.21;2.442;9.835;0.0;0.0;0.0;14.1;-8.7;-31.56
190;621;eduroam;00:1a:e3:d2:d3:70;2462;-75;[WPA2-EAP-CCMP][ESS][P2P];-0.21;2.442;9.835;0.0;0.0;0.0;14.1;-8.7;-31.56
167;621;eduroam;00:1a:e3:d2:d9:60;2412;-80;[WPA2-EAP-CCMP][ESS][P2P];-0.44;3.533;9.759;0.0;0.0;0.0;-5.04;11.22;-45.66
167;621;;00:1d:7e:bc:b1:1f;2462;-69;[WPA-PSK-TKIP][ESS];-0.44;3.533;9.759;0.0;0.0;0.0;-5.04;11.22;-45.66
167;621;eduroam;00:1a:e3:d2:d2:d0;2437;-86;[WPA2-EAP-CCMP][ESS][P2P];-0.44;3.533;9.759;0.0;0.0;0.0;-5.04;11.22;-45.66
167;621;VodafoneSharingDock_074719;7c:4f:b5:07:47:cb;2432;-79;[WPA2-PSK-CCMP-preauth][ESS];-0.44;3.533;9.759;0.0;0.0;0.0;-5.04;11.22;-45.66
167;621;eduroam;00:1a:e3:d2:e7:20;2462;-69;[WPA2-EAP-CCMP][ESS][P2P];-0.44;3.533;9.759;0.0;0.0;0.0;-5.04;11.22;-45.66
167;621;eduroam;00:1a:e3:d2:d3:80;2412;-82;[WPA2-EAP-CCMP][ESS][P2P];-0.44;3.533;9.759;0.0;0.0;0.0;-5.04;11.22;-45.66
167;621;eduroam;00:1a:e3:d2:d3:70;2462;-75;[WPA2-EAP-CCMP][ESS][P2P];-0.44;3.533;9.759;0.0;0.0;0.0;-5.04;11.22;-45.66
167;621;eduroam;00:1a:e3:d2:a6:30;2412;-86;[WPA2-EAP-CCMP][ESS][P2P];-0.44;3.533;9.759;0.0;0.0;0.0;-5.04;11.22;-45.66
167;621;eduroam;00:21:a0:f9:54:c0;2412;-91;[WPA2-EAP-CCMP][ESS][P2P];-0.44;3.533;9.759;0.0;0.0;0.0;-5.04;11.22;-45.66
167;621;eduroam;00:24:14:3a:ae:10;2437;-92;[WPA2-EAP-CCMP][ESS][P2P];-0.44;3.533;9.759;0.0;0.0;0.0;-5.04;11.22;-45.66
129;768;eduroam;00:1a:e3:d2:d9:60;2412;-70;[WPA2-EAP-CCMP][ESS][P2P];-1.168;2.959;9.567;0.0;0.0;0.0;5.52;5.28;-44.22
129;768;;00:1d:7e:bc:b1:1f;2462;-81;[WPA-PSK-TKIP][ESS];-1.168;2.959;9.567;0.0;0.0;0.0;5.52;5.28;-44.22
129;768;VodafoneSharingDock_074719;7c:4f:b5:07:47:cb;2432;-64;[WPA2-PSK-CCMP-preauth][ESS];-1.168;2.959;9.567;0.0;0.0;0.0;5.52;5.28;-44.22
129;768;eduroam;00:1a:e3:d2:e7:20;2462;-71;[WPA2-EAP-CCMP][ESS][P2P];-1.168;2.959;9.567;0.0;0.0;0.0;5.52;5.28;-44.22
129;768;eduroam;00:1a:e3:d2:d3:80;2412;-87;[WPA2-EAP-CCMP][ESS][P2P];-1.168;2.959;9.567;0.0;0.0;0.0;5.52;5.28;-44.22
129;768;eduroam;00:1a:e3:d2:d3:70;2462;-93;[WPA2-EAP-CCMP][ESS][P2P];-1.168;2.959;9.567;0.0;0.0;0.0;5.52;5.28;-44.22
140;751;eduroam;00:1a:e3:d2:d9:60;2412;-68;[WPA2-EAP-CCMP][ESS][P2P];-1.072;4.137;9.634;0.0;0.0;0.0;-1.74;2.1;-53.4
140;751;VodafoneSharingDock_074719;7c:4f:b5:07:47:cb;2432;-58;[WPA2-PSK-CCMP-preauth][ESS];-1.072;4.137;9.634;0.0;0.0;0.0;-1.74;2.1;-53.4
140;751;eduroam;00:1a:e3:d2:e7:20;2462;-61;[WPA2-EAP-CCMP][ESS][P2P];-1.072;4.137;9.634;0.0;0.0;0.0;-1.74;2.1;-53.4
140;751;eduroam;00:1a:e3:d2:d3:80;2412;-82;[WPA2-EAP-CCMP][ESS][P2P];-1.072;4.137;9.634;0.0;0.0;0.0;-1.74;2.1;-53.4
130;696;eduroam;00:1a:e3:d2:d9:60;2412;-86;[WPA2-EAP-CCMP][ESS][P2P];-0.842;3.131;9.72;0.0;0.0;0.0;3.54;-6.48;-42.18
130;696;VodafoneSharingDock_074719;7c:4f:b5:07:47:cb;2432;-60;[WPA2-PSK-CCMP-preauth][ESS];-0.842;3.131;9.72;0.0;0.0;0.0;3.54;-6.48;-42.18
130;696;eduroam;00:1a:e3:d2:e7:20;2462;-62;[WPA2-EAP-CCMP][ESS][P2P];-0.842;3.131;9.72;0.0;0.0;0.0;3.54;-6.48;-42.18
130;696;eduroam;00:1a:e3:d2:d3:80;2412;-82;[WPA2-EAP-CCMP][ESS][P2P];-0.842;3.131;9.72;0.0;0.0;0.0;3.54;-6.48;-42.18
128;625;eduroam;00:1a:e3:d2:d9:60;2412;-86;[WPA2-EAP-CCMP][ESS][P2P];-0.488;3.581;9.596;0.0;0.0;0.0;-11.94;2.82;-48.24
128;625;VodafoneSharingDock_074719;7c:4f:b5:07:47:cb;2432;-64;[WPA2-PSK-CCMP-preauth][ESS];-0.488;3.581;9.596;0.0;0.0;0.0;-11.94;2.82;-48.24
128;625;eduroam;00:1a:e3:d2:e7:20;2462;-54;[WPA2-EAP-CCMP][ESS][P2P];-0.488;3.581;9.596;0.0;0.0;0.0;-11.94;2.82;-48.24
128;625;eduroam;00:1a:e3:d2:d3:80;2412;-78;[WPA2-EAP-CCMP][ESS][P2P];-0.488;3.581;9.596;0.0;0.0;0.0;-11.94;2.82;-48.24
128;625;eduroam;00:1a:e3:d2:d3:70;2462;-89;[WPA2-EAP-CCMP][ESS][P2P];-0.488;3.581;9.596;0.0;0.0;0.0;-11.94;2.82;-48.24
128;625;;00:1d:7e:bc:b1:1f;2462;-89;[WPA-PSK-TKIP][ESS];-0.488;3.581;9.596;0.0;0.0;0.0;-11.94;2.82;-48.24
128;625;eduroam;00:1a:e3:d2:d9:60;2412;-86;[WPA2-EAP-CCMP][ESS][P2P];-0.488;3.581;9.596;0.0;0.0;0.0;-11.94;2.82;-48.24
128;625;VodafoneSharingDock_074719;7c:4f:b5:07:47:cb;2432;-64;[WPA2-PSK-CCMP-preauth][ESS];-0.488;3.581;9.596;0.0;0.0;0.0;-11.94;2.82;-48.24
128;625;eduroam;00:1a:e3:d2:e7:20;2462;-54;[WPA2-EAP-CCMP][ESS][P2P];-0.488;3.581;9.596;0.0;0.0;0.0;-11.94;2.82;-48.24
128;625;eduroam;00:1a:e3:d2:d3:80;2412;-78;[WPA2-EAP-CCMP][ESS][P2P];-0.488;3.581;9.596;0.0;0.0;0.0;-11.94;2.82;-48.24
128;625;eduroam;00:1a:e3:d2:d3:70;2462;-89;[WPA2-EAP-CCMP][ESS][P2P];-0.488;3.581;9.596;0.0;0.0;0.0;-11.94;2.82;-48.24
128;625;;00:1d:7e:bc:b1:1f;2462;-89;[WPA-PSK-TKIP][ESS];-0.488;3.581;9.596;0.0;0.0;0.0;-11.94;2.82;-48.24
134;629;eduroam;00:1a:e3:d2:d9:60;2412;-84;[WPA2-EAP-CCMP][ESS][P2P];-0.632;3.821;9.682;0.0;0.0;0.0;-14.88;0.42;-48.06
134;629;VodafoneSharingDock_074719;7c:4f:b5:07:47:cb;2432;-65;[WPA2-PSK-CCMP-preauth][ESS];-0.632;3.821;9.682;0.0;0.0;0.0;-14.88;0.42;-48.06
134;629;eduroam;00:1a:e3:d2:e7:20;2462;-57;[WPA2-EAP-CCMP][ESS][P2P];-0.632;3.821;9.682;0.0;0.0;0.0;-14.88;0.42;-48.06
134;629;eduroam;00:1a:e3:d2:d3:80;2412;-79;[WPA2-EAP-CCMP][ESS][P2P];-0.632;3.821;9.682;0.0;0.0;0.0;-14.88;0.42;-48.06
134;629;eduroam;00:1a:e3:d2:d3:70;2462;-89;[WPA2-EAP-CCMP][ESS][P2P];-0.632;3.821;9.682;0.0;0.0;0.0;-14.88;0.42;-48.06
134;629;;00:1d:7e:bc:b1:1f;2462;-89;[WPA-PSK-TKIP][ESS];-0.632;3.821;9.682;0.0;0.0;0.0;-14.88;0.42;-48.06
131;590;eduroam;00:1a:e3:d2:d9:60;2412;-78;[WPA2-EAP-CCMP][ESS][P2P];-0.277;3.581;9.854;0.0;0.0;0.0;-12.12;-0.54;-46.2
131;590;VodafoneSharingDock_074719;7c:4f:b5:07:47:cb;2432;-77;[WPA2-PSK-CCMP-preauth][ESS];-0.277;3.581;9.854;0.0;0.0;0.0;-12.12;-0.54;-46.2
131;590;eduroam;00:1a:e3:d2:e7:20;2462;-53;[WPA2-EAP-CCMP][ESS][P2P];-0.277;3.581;9.854;0.0;0.0;0.0;-12.12;-0.54;-46.2
131;590;eduroam;00:1a:e3:d2:d3:80;2412;-76;[WPA2-EAP-CCMP][ESS][P2P];-0.277;3.581;9.854;0.0;0.0;0.0;-12.12;-0.54;-46.2
131;590;eduroam;00:1a:e3:d2:a6:30;2412;-89;[WPA2-EAP-CCMP][ESS][P2P];-0.277;3.581;9.854;0.0;0.0;0.0;-12.12;-0.54;-46.2
131;590;eduroam;00:1a:e3:d2:d2:d0;2437;-90;[WPA2-EAP-CCMP][ESS][P2P];-0.277;3.581;9.854;0.0;0.0;0.0;-12.12;-0.54;-46.2
131;590;eduroam;00:1a:e3:d2:d3:60;2462;-93;[WPA2-EAP-CCMP][ESS][P2P];-0.277;3.581;9.854;0.0;0.0;0.0;-12.12;-0.54;-46.2
110;574;eduroam;00:1a:e3:d2:d9:60;2412;-84;[WPA2-EAP-CCMP][ESS][P2P];-0.22;3.352;9.749;0.0;0.0;0.0;-6.06;-1.26;-46.56
110;574;VodafoneSharingDock_074719;7c:4f:b5:07:47:cb;2432;-73;[WPA2-PSK-CCMP-preauth][ESS];-0.22;3.352;9.749;0.0;0.0;0.0;-6.06;-1.26;-46.56
110;574;eduroam;00:1a:e3:d2:e7:20;2462;-62;[WPA2-EAP-CCMP][ESS][P2P];-0.22;3.352;9.749;0.0;0.0;0.0;-6.06;-1.26;-46.56
110;574;eduroam;00:1a:e3:d2:d3:80;2412;-75;[WPA2-EAP-CCMP][ESS][P2P];-0.22;3.352;9.749;0.0;0.0;0.0;-6.06;-1.26;-46.56
110;574;eduroam;00:1a:e3:d2:a6:30;2412;-89;[WPA2-EAP-CCMP][ESS][P2P];-0.22;3.352;9.749;0.0;0.0;0.0;-6.06;-1.26;-46.56
110;574;eduroam;00:1a:e3:d2:d2:d0;2437;-89;[WPA2-EAP-CCMP][ESS][P2P];-0.22;3.352;9.749;0.0;0.0;0.0;-6.06;-1.26;-46.56
110;574;eduroam;00:1a:e3:d2:d3:60;2462;-93;[WPA2-EAP-CCMP][ESS][P2P];-0.22;3.352;9.749;0.0;0.0;0.0;-6.06;-1.26;-46.56
110;574;eduroam;00:1a:e3:d2:d3:70;2462;-87;[WPA2-EAP-CCMP][ESS][P2P];-0.22;3.352;9.749;0.0;0.0;0.0;-6.06;-1.26;-46.56
146;534;eduroam;00:1a:e3:d2:e7:20;2462;-46;[WPA2-EAP-CCMP][ESS][P2P];-1.005;3.706;9.979;0.0;0.0;0.0;-5.46;-2.4;-41.4
146;534;eduroam;00:24:14:3a:ae:10;2437;-78;[WPA2-EAP-CCMP][ESS][P2P];-1.005;3.706;9.979;0.0;0.0;0.0;-5.46;-2.4;-41.4
146;534;eduroam;00:1a:e3:d2:d9:60;2412;-79;[WPA2-EAP-CCMP][ESS][P2P];-1.005;3.706;9.979;0.0;0.0;0.0;-5.46;-2.4;-41.4
146;534;eduroam;00:1a:e3:d2:d3:80;2412;-80;[WPA2-EAP-CCMP][ESS][P2P];-1.005;3.706;9.979;0.0;0.0;0.0;-5.46;-2.4;-41.4
146;534;VodafoneSharingDock_074719;7c:4f:b5:07:47:cb;2432;-80;[WPA2-PSK-CCMP-preauth][ESS];-1.005;3.706;9.979;0.0;0.0;0.0;-5.46;-2.4;-41.4
146;534;eduroam;00:1a:e3:d2:d3:70;2462;-87;[WPA2-EAP-CCMP][ESS][P2P];-1.005;3.706;9.979;0.0;0.0;0.0;-5.46;-2.4;-41.4
137;513;eduroam;00:1a:e3:d2:e7:20;2462;-40;[WPA2-EAP-CCMP][ESS][P2P];-0.268;3.811;9.443;0.0;0.0;0.0;-9.18;0.18;-43.38
137;513;eduroam;00:1a:e3:d2:d9:60;2412;-79;[WPA2-EAP-CCMP][ESS][P2P];-0.268;3.811;9.443;0.0;0.0;0.0;-9.18;0.18;-43.38
137;513;eduroam;00:1a:e3:d2:d3:80;2412;-72;[WPA2-EAP-CCMP][ESS][P2P];-0.268;3.811;9.443;0.0;0.0;0.0;-9.18;0.18;-43.38
137;513;VodafoneSharingDock_074719;7c:4f:b5:07:47:cb;2432;-79;[WPA2-PSK-CCMP-preauth][ESS];-0.268;3.811;9.443;0.0;0.0;0.0;-9.18;0.18;-43.38
137;513;eduroam;00:1a:e3:d2:d3:70;2462;-87;[WPA2-EAP-CCMP][ESS][P2P];-0.268;3.811;9.443;0.0;0.0;0.0;-9.18;0.18;-43.38
137;513;eduroam;00:1a:e3:d2:d3:00;2412;-79;[WPA2-EAP-CCMP][ESS][P2P];-0.268;3.811;9.443;0.0;0.0;0.0;-9.18;0.18;-43.38
137;513;eduroam;00:1a:e3:d2:d3:a0;2412;-89;[WPA2-EAP-CCMP][ESS][P2P];-0.268;3.811;9.443;0.0;0.0;0.0;-9.18;0.18;-43.38
128;457;eduroam;00:1a:e3:d2:e7:20;2462;-44;[WPA2-EAP-CCMP][ESS][P2P];-0.162;4.424;9.481;0.0;0.0;0.0;-7.74;2.52;-30.9
128;457;eduroam;00:1a:e3:d2:d9:60;2412;-90;[WPA2-EAP-CCMP][ESS][P2P];-0.162;4.424;9.481;0.0;0.0;0.0;-7.74;2.52;-30.9
128;457;eduroam;00:1a:e3:d2:d3:80;2412;-78;[WPA2-EAP-CCMP][ESS][P2P];-0.162;4.424;9.481;0.0;0.0;0.0;-7.74;2.52;-30.9
128;457;VodafoneSharingDock_074719;7c:4f:b5:07:47:cb;2432;-85;[WPA2-PSK-CCMP-preauth][ESS];-0.162;4.424;9.481;0.0;0.0;0.0;-7.74;2.52;-30.9
128;457;eduroam;00:1a:e3:d2:d3:00;2412;-74;[WPA2-EAP-CCMP][ESS][P2P];-0.162;4.424;9.481;0.0;0.0;0.0;-7.74;2.52;-30.9
128;457;eduroam;00:1a:e3:d2:d3:a0;2412;-89;[WPA2-EAP-CCMP][ESS][P2P];-0.162;4.424;9.481;0.0;0.0;0.0;-7.74;2.52;-30.9
129;450;eduroam;00:1a:e3:d2:e7:20;2462;-42;[WPA2-EAP-CCMP][ESS][P2P];-0.249;4.166;9.797;0.0;0.0;0.0;-7.68;4.32;-31.38
129;450;eduroam;00:1a:e3:d2:d9:60;2412;-90;[WPA2-EAP-CCMP][ESS][P2P];-0.249;4.166;9.797;0.0;0.0;0.0;-7.68;4.32;-31.38
129;450;eduroam;00:1a:e3:d2:d3:80;2412;-77;[WPA2-EAP-CCMP][ESS][P2P];-0.249;4.166;9.797;0.0;0.0;0.0;-7.68;4.32;-31.38
129;450;VodafoneSharingDock_074719;7c:4f:b5:07:47:cb;2432;-85;[WPA2-PSK-CCMP-preauth][ESS];-0.249;4.166;9.797;0.0;0.0;0.0;-7.68;4.32;-31.38
129;450;eduroam;00:1a:e3:d2:d3:00;2412;-74;[WPA2-EAP-CCMP][ESS][P2P];-0.249;4.166;9.797;0.0;0.0;0.0;-7.68;4.32;-31.38
129;450;eduroam;00:1a:e3:d2:d3:a0;2412;-90;[WPA2-EAP-CCMP][ESS][P2P];-0.249;4.166;9.797;0.0;0.0;0.0;-7.68;4.32;-31.38
129;450;;00:1d:7e:bc:b1:1f;2462;-88;[WPA-PSK-TKIP][ESS];-0.249;4.166;9.797;0.0;0.0;0.0;-7.68;4.32;-31.38
129;450;eduroam;00:1a:e3:d2:e7:20;2462;-42;[WPA2-EAP-CCMP][ESS][P2P];-0.249;4.166;9.797;0.0;0.0;0.0;-7.68;4.32;-31.38
129;450;eduroam;00:1a:e3:d2:d9:60;2412;-90;[WPA2-EAP-CCMP][ESS][P2P];-0.249;4.166;9.797;0.0;0.0;0.0;-7.68;4.32;-31.38
129;450;eduroam;00:1a:e3:d2:d3:80;2412;-77;[WPA2-EAP-CCMP][ESS][P2P];-0.249;4.166;9.797;0.0;0.0;0.0;-7.68;4.32;-31.38
129;450;VodafoneSharingDock_074719;7c:4f:b5:07:47:cb;2432;-85;[WPA2-PSK-CCMP-preauth][ESS];-0.249;4.166;9.797;0.0;0.0;0.0;-7.68;4.32;-31.38
129;450;eduroam;00:1a:e3:d2:d3:00;2412;-74;[WPA2-EAP-CCMP][ESS][P2P];-0.249;4.166;9.797;0.0;0.0;0.0;-7.68;4.32;-31.38
129;450;eduroam;00:1a:e3:d2:d3:a0;2412;-90;[WPA2-EAP-CCMP][ESS][P2P];-0.249;4.166;9.797;0.0;0.0;0.0;-7.68;4.32;-31.38
129;450;;00:1d:7e:bc:b1:1f;2462;-88;[WPA-PSK-TKIP][ESS];-0.249;4.166;9.797;0.0;0.0;0.0;-7.68;4.32;-31.38
134;354;eduroam;00:1a:e3:d2:e7:20;2462;-54;[WPA2-EAP-CCMP][ESS][P2P];-0.057;2.423;9.146;0.0;0.0;0.0;-4.62;8.64;-33.3
134;354;eduroam;00:1a:e3:d2:d3:80;2412;-89;[WPA2-EAP-CCMP][ESS][P2P];-0.057;2.423;9.146;0.0;0.0;0.0;-4.62;8.64;-33.3
134;354;VodafoneSharingDock_074719;7c:4f:b5:07:47:cb;2432;-88;[WPA2-PSK-CCMP-preauth][ESS];-0.057;2.423;9.146;0.0;0.0;0.0;-4.62;8.64;-33.3
134;354;eduroam;00:1a:e3:d2:d3:00;2412;-76;[WPA2-EAP-CCMP][ESS][P2P];-0.057;2.423;9.146;0.0;0.0;0.0;-4.62;8.64;-33.3
134;354;eduroam;00:24:14:3a:ae:10;2437;-89;[WPA2-EAP-CCMP][ESS][P2P];-0.057;2.423;9.146;0.0;0.0;0.0;-4.62;8.64;-33.3
134;304;eduroam;00:1a:e3:d2:e7:20;2462;-72;[WPA2-EAP-CCMP][ESS][P2P];-0.957;4.175;9.711;0.0;0.0;0.0;-4.74;-10.5;-52.44
134;304;eduroam;00:1a:e3:d2:d3:80;2412;-89;[WPA2-EAP-CCMP][ESS][P2P];-0.957;4.175;9.711;0.0;0.0;0.0;-4.74;-10.5;-52.44
134;304;VodafoneSharingDock_074719;7c:4f:b5:07:47:cb;2432;-88;[WPA2-PSK-CCMP-preauth][ESS];-0.957;4.175;9.711;0.0;0.0;0.0;-4.74;-10.5;-52.44
134;304;eduroam;00:1a:e3:d2:d3:00;2412;-76;[WPA2-EAP-CCMP][ESS][P2P];-0.957;4.175;9.711;0.0;0.0;0.0;-4.74;-10.5;-52.44
134;304;eduroam;00:24:14:3a:ae:10;2437;-81;[WPA2-EAP-CCMP][ESS][P2P];-0.957;4.175;9.711;0.0;0.0;0.0;-4.74;-10.5;-52.44
139;273;eduroam;00:1a:e3:d2:e7:20;2462;-74;[WPA2-EAP-CCMP][ESS][P2P];-0.651;4.367;9.586;0.0;0.0;0.0;3.12;-7.8;-52.5
139;273;eduroam;00:1a:e3:d2:d3:00;2412;-92;[WPA2-EAP-CCMP][ESS][P2P];-0.651;4.367;9.586;0.0;0.0;0.0;3.12;-7.8;-52.5
139;273;eduroam;00:24:14:3a:ae:10;2437;-78;[WPA2-EAP-CCMP][ESS][P2P];-0.651;4.367;9.586;0.0;0.0;0.0;3.12;-7.8;-52.5
139;273;eduroam;00:1a:e3:d2:e7:20;2462;-74;[WPA2-EAP-CCMP][ESS][P2P];-0.651;4.367;9.586;0.0;0.0;0.0;3.12;-7.8;-52.5
139;273;eduroam;00:1a:e3:d2:d3:00;2412;-92;[WPA2-EAP-CCMP][ESS][P2P];-0.651;4.367;9.586;0.0;0.0;0.0;3.12;-7.8;-52.5
139;273;eduroam;00:24:14:3a:ae:10;2437;-78;[WPA2-EAP-CCMP][ESS][P2P];-0.651;4.367;9.586;0.0;0.0;0.0;3.12;-7.8;-52.5
